{
  "created_utc": "2026-07-23T00:08:32.238583+00:00",
  "host": {
    "platform": "Linux-7.0.11-arch1-1-x86_64-with-glibc2.43",
    "python": "3.14.5"
  },
  "runs": 7,
  "core": "0",
  "zig": {
    "coroutine_yield": 0.148848,
    "metamethod_add": 0.212102,
    "hash_access": 0.302899,
    "dynamic_load": 0.221924,
    "mixed_arith": 0.596112,
    "branch_loop": 1.140814,
    "string_concat": 0.124046,
    "comparisons": 1.034733,
    "temp_table_alloc": 0.129166,
    "float_arith": 0.424599,
    "array_access": 0.185595,
    "lua_calls": 0.359018,
    "field_access": 0.215511,
    "global_arith": 1.465209,
    "int_arith": 0.473038,
    "string_loop": 0.326543
  },
  "puc": {
    "coroutine_yield": 0.042922,
    "metamethod_add": 0.057574,
    "hash_access": 0.062309,
    "dynamic_load": 0.128793,
    "mixed_arith": 0.175972,
    "branch_loop": 0.417966,
    "string_concat": 0.080767,
    "comparisons": 0.529815,
    "temp_table_alloc": 0.028654,
    "float_arith": 0.1762,
    "array_access": 0.043556,
    "lua_calls": 0.093004,
    "field_access": 0.054094,
    "global_arith": 0.500678,
    "int_arith": 0.172555,
    "string_loop": 0.097774
  },
  "ratios": {
    "coroutine_yield": 3.4678719537766183,
    "metamethod_add": 3.6839893007260223,
    "hash_access": 4.8612399492850145,
    "dynamic_load": 1.7231060694292393,
    "mixed_arith": 3.387538926647421,
    "branch_loop": 2.7294421077312507,
    "string_concat": 1.5358500377629476,
    "comparisons": 1.9530081254777607,
    "temp_table_alloc": 4.50778250855029,
    "float_arith": 2.409755959137344,
    "array_access": 4.261066213610066,
    "lua_calls": 3.860242570212034,
    "field_access": 3.9840093171146522,
    "global_arith": 2.9264497341604785,
    "int_arith": 2.74137521369998,
    "string_loop": 3.3397733548796205
  }
}
