{
  "created_utc": "2026-07-23T16:15:37.683517+00:00",
  "host": {
    "platform": "Linux-7.0.11-arch1-1-x86_64-with-glibc2.43",
    "python": "3.14.5"
  },
  "runs": 7,
  "core": "0",
  "zig": {
    "temp_table_alloc": 0.090798,
    "mixed_arith": 0.597338,
    "lua_calls": 0.368209,
    "global_arith": 1.427731,
    "dynamic_load": 0.206528,
    "branch_loop": 1.134083,
    "float_arith": 0.42685,
    "field_access": 0.208034,
    "int_arith": 0.470076,
    "metamethod_add": 0.231957,
    "comparisons": 1.001823,
    "array_access": 0.176365,
    "coroutine_yield": 0.150301,
    "hash_access": 0.274582,
    "string_loop": 0.331476,
    "string_concat": 0.124664
  },
  "puc": {
    "temp_table_alloc": 0.028731,
    "mixed_arith": 0.176044,
    "lua_calls": 0.093072,
    "global_arith": 0.460345,
    "dynamic_load": 0.12915,
    "branch_loop": 0.41987,
    "float_arith": 0.176461,
    "field_access": 0.05415,
    "int_arith": 0.17289,
    "metamethod_add": 0.057792,
    "comparisons": 0.52795,
    "array_access": 0.043732,
    "coroutine_yield": 0.042186,
    "hash_access": 0.06234,
    "string_loop": 0.099437,
    "string_concat": 0.080949
  },
  "ratios": {
    "temp_table_alloc": 3.1602798371097425,
    "mixed_arith": 3.393117629683488,
    "lua_calls": 3.956173714973354,
    "global_arith": 3.101436965753946,
    "dynamic_load": 1.5991327913279134,
    "branch_loop": 2.701033653273632,
    "float_arith": 2.4189480961798924,
    "field_access": 3.8418097876269623,
    "int_arith": 2.7189311122679163,
    "metamethod_add": 4.013652408637873,
    "comparisons": 1.897571739748082,
    "array_access": 4.032859233513217,
    "coroutine_yield": 3.5628170483098653,
    "hash_access": 4.404587744626243,
    "string_loop": 3.333527761296097,
    "string_concat": 1.5400313777810721
  }
}
