{
  "created_utc": "2026-07-19T19:31:38.461594+00:00",
  "host": {
    "platform": "Linux-7.0.11-arch1-1-x86_64-with-glibc2.43",
    "python": "3.14.5"
  },
  "runs": 7,
  "core": "0",
  "zig": {
    "int_arith": 0.490854,
    "float_arith": 0.483936,
    "mixed_arith": 0.617358,
    "global_arith": 1.594055,
    "string_loop": 0.380548,
    "string_concat": 0.128265,
    "dynamic_load": 0.22782,
    "array_access": 0.28776,
    "metamethod_add": 0.250189,
    "hash_access": 0.481063,
    "coroutine_yield": 0.178914,
    "field_access": 0.25214,
    "comparisons": 1.580258,
    "lua_calls": 0.553593,
    "temp_table_alloc": 0.130854,
    "branch_loop": 1.43658
  },
  "puc": {
    "int_arith": 0.172993,
    "float_arith": 0.176405,
    "mixed_arith": 0.176283,
    "global_arith": 0.459468,
    "string_loop": 0.098025,
    "string_concat": 0.080503,
    "dynamic_load": 0.12917,
    "array_access": 0.043701,
    "metamethod_add": 0.05747,
    "hash_access": 0.062507,
    "coroutine_yield": 0.041458,
    "field_access": 0.054223,
    "comparisons": 0.528444,
    "lua_calls": 0.093055,
    "temp_table_alloc": 0.028753,
    "branch_loop": 0.421008
  },
  "ratios": {
    "int_arith": 2.83742116733047,
    "float_arith": 2.7433236019387204,
    "mixed_arith": 3.5020847160531643,
    "global_arith": 3.469349334447666,
    "string_loop": 3.8821525121142564,
    "string_concat": 1.5932946598263416,
    "dynamic_load": 1.7637222265231864,
    "array_access": 6.584746344477244,
    "metamethod_add": 4.353384374456238,
    "hash_access": 7.6961460316444565,
    "coroutine_yield": 4.315548265714699,
    "field_access": 4.650056249193146,
    "comparisons": 2.99039822573442,
    "lua_calls": 5.949094621460427,
    "temp_table_alloc": 4.550968594581435,
    "branch_loop": 3.4122391973549195
  }
}
