{
  "created_utc": "2026-07-23T18:22:39.092588+00:00",
  "host": {
    "platform": "Linux-7.0.11-arch1-1-x86_64-with-glibc2.43",
    "python": "3.14.5"
  },
  "runs": 7,
  "core": "0",
  "zig": {
    "global_arith": 1.458771,
    "field_access": 0.208593,
    "string_concat": 0.127276,
    "comparisons": 1.087717,
    "branch_loop": 1.175987,
    "int_arith": 0.473782,
    "array_access": 0.178251,
    "mixed_arith": 0.593372,
    "float_arith": 0.434341,
    "coroutine_yield": 0.150772,
    "string_loop": 0.330126,
    "hash_access": 0.277451,
    "dynamic_load": 0.208809,
    "lua_calls": 0.381606,
    "temp_table_alloc": 0.089976,
    "metamethod_add": 0.221435
  },
  "puc": {
    "global_arith": 0.459067,
    "field_access": 0.054677,
    "string_concat": 0.081331,
    "comparisons": 0.5294,
    "branch_loop": 0.420914,
    "int_arith": 0.172926,
    "array_access": 0.043668,
    "mixed_arith": 0.176383,
    "float_arith": 0.177009,
    "coroutine_yield": 0.042017,
    "string_loop": 0.099564,
    "hash_access": 0.062488,
    "dynamic_load": 0.12937,
    "lua_calls": 0.093194,
    "temp_table_alloc": 0.029045,
    "metamethod_add": 0.05826
  },
  "ratios": {
    "global_arith": 3.177686481493987,
    "field_access": 3.815004480860325,
    "string_concat": 1.5649137475255437,
    "comparisons": 2.054622213826974,
    "branch_loop": 2.793889012957516,
    "int_arith": 2.7397962134092038,
    "array_access": 4.081959329486122,
    "mixed_arith": 3.3641110537863623,
    "float_arith": 2.4537791863690543,
    "coroutine_yield": 3.5883570935573696,
    "string_loop": 3.315716524044835,
    "hash_access": 4.440068493150685,
    "dynamic_load": 1.6140449872458837,
    "lua_calls": 4.094748588964955,
    "temp_table_alloc": 3.097813737304183,
    "metamethod_add": 3.8008067284586335
  }
}
