{
  "created_utc": "2026-07-20T13:53:54.868791+00:00",
  "host": {
    "platform": "Linux-7.0.11-arch1-1-x86_64-with-glibc2.43",
    "python": "3.14.5"
  },
  "runs": 7,
  "core": "0",
  "zig": {
    "dynamic_load": 0.232184,
    "float_arith": 0.507758,
    "global_arith": 1.717414,
    "comparisons": 1.577721,
    "field_access": 0.263297,
    "coroutine_yield": 0.1752,
    "lua_calls": 0.563884,
    "hash_access": 0.333821,
    "mixed_arith": 0.620232,
    "string_loop": 0.345106,
    "metamethod_add": 0.263094,
    "array_access": 0.190816,
    "branch_loop": 1.472313,
    "int_arith": 0.498622,
    "temp_table_alloc": 0.135407,
    "string_concat": 0.130152
  },
  "puc": {
    "dynamic_load": 0.132988,
    "float_arith": 0.179225,
    "global_arith": 0.51799,
    "comparisons": 0.539424,
    "field_access": 0.055855,
    "coroutine_yield": 0.041574,
    "lua_calls": 0.093878,
    "hash_access": 0.064002,
    "mixed_arith": 0.179653,
    "string_loop": 0.099928,
    "metamethod_add": 0.058576,
    "array_access": 0.044534,
    "branch_loop": 0.428065,
    "int_arith": 0.175454,
    "temp_table_alloc": 0.029174,
    "string_concat": 0.082319
  },
  "ratios": {
    "dynamic_load": 1.7459018858844408,
    "float_arith": 2.8330757427814204,
    "global_arith": 3.315535048939169,
    "comparisons": 2.9248253692827904,
    "field_access": 4.713937874854534,
    "coroutine_yield": 4.214172319237985,
    "lua_calls": 6.006561707748355,
    "hash_access": 5.215790131558388,
    "mixed_arith": 3.4523887716876422,
    "string_loop": 3.4535465535185335,
    "metamethod_add": 4.491498224528817,
    "array_access": 4.284726276552747,
    "branch_loop": 3.4394612967656784,
    "int_arith": 2.8418958815416007,
    "temp_table_alloc": 4.641358744087201,
    "string_concat": 1.5810687690569611
  }
}
