{
  "created_utc": "2026-07-20T20:17:12.387182+00:00",
  "host": {
    "platform": "Linux-7.0.11-arch1-1-x86_64-with-glibc2.43",
    "python": "3.14.5"
  },
  "runs": 7,
  "core": "0",
  "zig": {
    "metamethod_add": 0.208184,
    "global_arith": 1.621894,
    "string_loop": 0.33247,
    "float_arith": 0.487156,
    "comparisons": 1.475813,
    "dynamic_load": 0.225843,
    "array_access": 0.185692,
    "field_access": 0.235797,
    "int_arith": 0.49601,
    "string_concat": 0.128609,
    "lua_calls": 0.474042,
    "temp_table_alloc": 0.130068,
    "branch_loop": 1.418417,
    "hash_access": 0.311405,
    "mixed_arith": 0.620843,
    "coroutine_yield": 0.158427
  },
  "puc": {
    "metamethod_add": 0.059955,
    "global_arith": 0.484044,
    "string_loop": 0.100867,
    "float_arith": 0.182507,
    "comparisons": 0.550048,
    "dynamic_load": 0.135153,
    "array_access": 0.045225,
    "field_access": 0.057412,
    "int_arith": 0.179153,
    "string_concat": 0.083586,
    "lua_calls": 0.09431,
    "temp_table_alloc": 0.030476,
    "branch_loop": 0.430846,
    "hash_access": 0.065068,
    "mixed_arith": 0.18351,
    "coroutine_yield": 0.04336
  },
  "ratios": {
    "metamethod_add": 3.472337586523226,
    "global_arith": 3.3507160506069695,
    "string_loop": 3.2961226169113784,
    "float_arith": 2.669245563183878,
    "comparisons": 2.6830622054802493,
    "dynamic_load": 1.6710172915140618,
    "array_access": 4.10595909342178,
    "field_access": 4.107103044659653,
    "int_arith": 2.7686390961915235,
    "string_concat": 1.538642834924509,
    "lua_calls": 5.026423496978051,
    "temp_table_alloc": 4.267882924268276,
    "branch_loop": 3.2921670388027278,
    "hash_access": 4.7858394295198865,
    "mixed_arith": 3.383156231268051,
    "coroutine_yield": 3.653759225092251
  }
}
