{
  "created_utc": "2026-07-19T14:54:43.766476+00:00",
  "host": {
    "platform": "Linux-7.0.11-arch1-1-x86_64-with-glibc2.43",
    "python": "3.14.5"
  },
  "runs": 7,
  "core": "0",
  "zig": {
    "coroutine_yield": 0.193339,
    "temp_table_alloc": 0.13029,
    "string_loop": 0.399816,
    "metamethod_add": 0.266011,
    "int_arith": 0.506074,
    "hash_access": 0.480752,
    "array_access": 0.287709,
    "string_concat": 0.130155,
    "global_arith": 1.592218,
    "dynamic_load": 0.232085,
    "lua_calls": 0.608114,
    "branch_loop": 1.448553,
    "field_access": 0.233616,
    "comparisons": 1.552846,
    "float_arith": 0.49515,
    "mixed_arith": 0.62347
  },
  "puc": {
    "coroutine_yield": 0.043415,
    "temp_table_alloc": 0.028923,
    "string_loop": 0.098414,
    "metamethod_add": 0.057697,
    "int_arith": 0.172698,
    "hash_access": 0.062329,
    "array_access": 0.043485,
    "string_concat": 0.081051,
    "global_arith": 0.502349,
    "dynamic_load": 0.128899,
    "lua_calls": 0.093161,
    "branch_loop": 0.421068,
    "field_access": 0.054345,
    "comparisons": 0.527332,
    "float_arith": 0.176384,
    "mixed_arith": 0.175913
  },
  "ratios": {
    "coroutine_yield": 4.45327651733272,
    "temp_table_alloc": 4.504719427445285,
    "string_loop": 4.062592720547889,
    "metamethod_add": 4.610482347435742,
    "int_arith": 2.930398730732261,
    "hash_access": 7.713135137736848,
    "array_access": 6.616281476371162,
    "string_concat": 1.605840766924529,
    "global_arith": 3.1695454753567733,
    "dynamic_load": 1.8005182352074103,
    "lua_calls": 6.527559815802751,
    "branch_loop": 3.440187808145003,
    "field_access": 4.298757935412642,
    "comparisons": 2.944721731281242,
    "float_arith": 2.807227412917271,
    "mixed_arith": 3.5441951419167426
  }
}
