{
  "created_utc": "2026-07-22T18:16:10.591132+00:00",
  "host": {
    "platform": "Linux-7.0.11-arch1-1-x86_64-with-glibc2.43",
    "python": "3.14.5"
  },
  "runs": 7,
  "core": "0",
  "zig": {
    "temp_table_alloc": 0.126082,
    "mixed_arith": 0.601534,
    "global_arith": 1.512466,
    "field_access": 0.220129,
    "coroutine_yield": 0.159014,
    "hash_access": 0.306279,
    "string_concat": 0.12654,
    "dynamic_load": 0.223218,
    "branch_loop": 1.170823,
    "array_access": 0.187264,
    "metamethod_add": 0.219706,
    "comparisons": 1.039124,
    "lua_calls": 0.38291,
    "string_loop": 0.339896,
    "int_arith": 0.481352,
    "float_arith": 0.440371
  },
  "puc": {
    "temp_table_alloc": 0.029302,
    "mixed_arith": 0.176638,
    "global_arith": 0.503169,
    "field_access": 0.054715,
    "coroutine_yield": 0.043134,
    "hash_access": 0.06263,
    "string_concat": 0.082511,
    "dynamic_load": 0.129777,
    "branch_loop": 0.421872,
    "array_access": 0.043734,
    "metamethod_add": 0.058192,
    "comparisons": 0.530022,
    "lua_calls": 0.093193,
    "string_loop": 0.098415,
    "int_arith": 0.173306,
    "float_arith": 0.177109
  },
  "ratios": {
    "temp_table_alloc": 4.3028462221008805,
    "mixed_arith": 3.4054620183652444,
    "global_arith": 3.005880727946277,
    "field_access": 4.023192908708763,
    "coroutine_yield": 3.686511800435851,
    "hash_access": 4.890292192240141,
    "string_concat": 1.5336136999915164,
    "dynamic_load": 1.7200120206199865,
    "branch_loop": 2.7753038836424317,
    "array_access": 4.281885946860566,
    "metamethod_add": 3.77553615617267,
    "comparisons": 1.9605299402666303,
    "lua_calls": 4.108784994581137,
    "string_loop": 3.453701163440532,
    "int_arith": 2.7774687546882397,
    "float_arith": 2.486440553557414
  }
}
