{
  "created_utc": "2026-07-19T20:20:55.026869+00:00",
  "host": {
    "platform": "Linux-7.0.11-arch1-1-x86_64-with-glibc2.43",
    "python": "3.14.5"
  },
  "runs": 7,
  "core": "0",
  "zig": {
    "comparisons": 1.60082,
    "branch_loop": 1.453162,
    "global_arith": 1.625199,
    "metamethod_add": 0.260459,
    "dynamic_load": 0.230631,
    "array_access": 0.19061,
    "string_loop": 0.359648,
    "lua_calls": 0.566117,
    "temp_table_alloc": 0.132517,
    "mixed_arith": 0.627748,
    "float_arith": 0.493653,
    "string_concat": 0.130497,
    "field_access": 0.23869,
    "coroutine_yield": 0.181106,
    "int_arith": 0.492383,
    "hash_access": 0.329937
  },
  "puc": {
    "comparisons": 0.546132,
    "branch_loop": 0.433392,
    "global_arith": 0.477146,
    "metamethod_add": 0.059255,
    "dynamic_load": 0.133741,
    "array_access": 0.045056,
    "string_loop": 0.102184,
    "lua_calls": 0.094328,
    "temp_table_alloc": 0.02999,
    "mixed_arith": 0.181888,
    "float_arith": 0.180603,
    "string_concat": 0.083754,
    "field_access": 0.056519,
    "coroutine_yield": 0.043026,
    "int_arith": 0.177301,
    "hash_access": 0.064336
  },
  "ratios": {
    "comparisons": 2.9311961210842803,
    "branch_loop": 3.3529968250452247,
    "global_arith": 3.4060832533438403,
    "metamethod_add": 4.395561555986836,
    "dynamic_load": 1.7244599636611062,
    "array_access": 4.230513139204546,
    "string_loop": 3.5196116808893763,
    "lua_calls": 6.0015795946060555,
    "temp_table_alloc": 4.418706235411804,
    "mixed_arith": 3.451288705137227,
    "float_arith": 2.733359910964934,
    "string_concat": 1.558098717673186,
    "field_access": 4.223181584953733,
    "coroutine_yield": 4.209222330683772,
    "int_arith": 2.77710221600555,
    "hash_access": 5.1283418303904496
  }
}
