{
  "created_utc": "2026-07-19T20:09:50.173148+00:00",
  "host": {
    "platform": "Linux-7.0.11-arch1-1-x86_64-with-glibc2.43",
    "python": "3.14.5"
  },
  "runs": 7,
  "core": "0",
  "zig": {
    "string_concat": 0.129456,
    "field_access": 0.252734,
    "hash_access": 0.329105,
    "coroutine_yield": 0.180597,
    "comparisons": 1.591096,
    "array_access": 0.189841,
    "mixed_arith": 0.62661,
    "metamethod_add": 0.257807,
    "float_arith": 0.492403,
    "string_loop": 0.386673,
    "temp_table_alloc": 0.131375,
    "branch_loop": 1.478144,
    "lua_calls": 0.564461,
    "int_arith": 0.503983,
    "global_arith": 1.631842,
    "dynamic_load": 0.229611
  },
  "puc": {
    "string_concat": 0.082798,
    "field_access": 0.056308,
    "hash_access": 0.062738,
    "coroutine_yield": 0.041132,
    "comparisons": 0.545797,
    "array_access": 0.043857,
    "mixed_arith": 0.176666,
    "metamethod_add": 0.058442,
    "float_arith": 0.176977,
    "string_loop": 0.099006,
    "temp_table_alloc": 0.029051,
    "branch_loop": 0.424953,
    "lua_calls": 0.093251,
    "int_arith": 0.173087,
    "global_arith": 0.466216,
    "dynamic_load": 0.130195
  },
  "ratios": {
    "string_concat": 1.5635160269571728,
    "field_access": 4.488420828301485,
    "hash_access": 5.245704357805476,
    "coroutine_yield": 4.390669065447827,
    "comparisons": 2.915179086730048,
    "array_access": 4.3286362496294775,
    "mixed_arith": 3.5468624409903438,
    "metamethod_add": 4.411330892166593,
    "float_arith": 2.7822993948366173,
    "string_loop": 3.9055511787164416,
    "temp_table_alloc": 4.522219544938212,
    "branch_loop": 3.478370549213677,
    "lua_calls": 6.053136159397754,
    "int_arith": 2.9117322502556515,
    "global_arith": 3.5001844638536643,
    "dynamic_load": 1.7635930719305657
  }
}
