{
  "created_utc": "2026-07-23T15:15:42.903231+00:00",
  "host": {
    "platform": "Linux-7.0.11-arch1-1-x86_64-with-glibc2.43",
    "python": "3.14.5"
  },
  "runs": 7,
  "core": "0",
  "zig": {
    "float_arith": 0.425588,
    "array_access": 0.18709,
    "comparisons": 0.982518,
    "string_concat": 0.125191,
    "global_arith": 1.473531,
    "branch_loop": 1.135354,
    "string_loop": 0.343331,
    "int_arith": 0.470573,
    "lua_calls": 0.372491,
    "metamethod_add": 0.230994,
    "field_access": 0.220976,
    "mixed_arith": 0.597708,
    "temp_table_alloc": 0.090634,
    "dynamic_load": 0.206751,
    "coroutine_yield": 0.148947,
    "hash_access": 0.270226
  },
  "puc": {
    "float_arith": 0.180212,
    "array_access": 0.045096,
    "comparisons": 0.540639,
    "string_concat": 0.082615,
    "global_arith": 0.472336,
    "branch_loop": 0.429411,
    "string_loop": 0.099607,
    "int_arith": 0.176178,
    "lua_calls": 0.094224,
    "metamethod_add": 0.059192,
    "field_access": 0.056174,
    "mixed_arith": 0.18028,
    "temp_table_alloc": 0.029229,
    "dynamic_load": 0.132627,
    "coroutine_yield": 0.04292,
    "hash_access": 0.063941
  },
  "ratios": {
    "float_arith": 2.3615963420859876,
    "array_access": 4.148704984921058,
    "comparisons": 1.8173272738370707,
    "string_concat": 1.5153543545361012,
    "global_arith": 3.119666932014498,
    "branch_loop": 2.6439797769502875,
    "string_loop": 3.4468561446484682,
    "int_arith": 2.6710088660332163,
    "lua_calls": 3.953249702835796,
    "metamethod_add": 3.90245303419381,
    "field_access": 3.933777192295368,
    "mixed_arith": 3.315442644774795,
    "temp_table_alloc": 3.1008245235895857,
    "dynamic_load": 1.558890723608315,
    "coroutine_yield": 3.4703401677539607,
    "hash_access": 4.226177257158944
  }
}
