{
  "created_utc": "2026-07-22T22:23:20.079470+00:00",
  "host": {
    "platform": "Linux-7.0.11-arch1-1-x86_64-with-glibc2.43",
    "python": "3.14.5"
  },
  "runs": 7,
  "core": "0",
  "zig": {
    "lua_calls": 0.385494,
    "int_arith": 0.491328,
    "mixed_arith": 0.617735,
    "hash_access": 0.316022,
    "temp_table_alloc": 0.131848,
    "float_arith": 0.448498,
    "field_access": 0.233725,
    "comparisons": 1.086499,
    "string_loop": 0.343507,
    "string_concat": 0.129947,
    "global_arith": 1.60098,
    "array_access": 0.189709,
    "coroutine_yield": 0.16335,
    "branch_loop": 1.235157,
    "metamethod_add": 0.227129,
    "dynamic_load": 0.229519
  },
  "puc": {
    "lua_calls": 0.094701,
    "int_arith": 0.178895,
    "mixed_arith": 0.182774,
    "hash_access": 0.065818,
    "temp_table_alloc": 0.029894,
    "float_arith": 0.18197,
    "field_access": 0.056534,
    "comparisons": 0.548385,
    "string_loop": 0.101379,
    "string_concat": 0.083619,
    "global_arith": 0.479865,
    "array_access": 0.045219,
    "coroutine_yield": 0.043329,
    "branch_loop": 0.436102,
    "metamethod_add": 0.060472,
    "dynamic_load": 0.134526
  },
  "ratios": {
    "lua_calls": 4.070643393417177,
    "int_arith": 2.7464602140920653,
    "mixed_arith": 3.379775022705637,
    "hash_access": 4.80145249020025,
    "temp_table_alloc": 4.410517160634241,
    "float_arith": 2.4646809913722043,
    "field_access": 4.134237803799484,
    "comparisons": 1.9812704577988094,
    "string_loop": 3.3883447262253528,
    "string_concat": 1.554036761979933,
    "global_arith": 3.3363133381263483,
    "array_access": 4.195338242774055,
    "coroutine_yield": 3.76999238385377,
    "branch_loop": 2.832266304671843,
    "metamethod_add": 3.755936631829607,
    "dynamic_load": 1.7061311568024025
  }
}
