{
  "created_utc": "2026-07-18T21:14:19.027676+00:00",
  "host": {
    "platform": "Linux-7.0.11-arch1-1-x86_64-with-glibc2.43",
    "python": "3.14.5"
  },
  "runs": 7,
  "core": "0",
  "zig": {
    "global_arith": 3.186831,
    "string_loop": 0.4085,
    "branch_loop": 2.576422,
    "mixed_arith": 0.982119,
    "array_access": 0.288656,
    "coroutine_yield": 0.221906,
    "metamethod_add": 0.282481,
    "int_arith": 0.84091,
    "temp_table_alloc": 0.134167,
    "comparisons": 4.111541,
    "dynamic_load": 0.266942,
    "string_concat": 0.12839,
    "float_arith": 0.661279,
    "field_access": 0.228151,
    "lua_calls": 0.616746,
    "hash_access": 0.480779
  },
  "puc": {
    "global_arith": 0.503574,
    "string_loop": 0.097435,
    "branch_loop": 0.422282,
    "mixed_arith": 0.1763,
    "array_access": 0.043684,
    "coroutine_yield": 0.041673,
    "metamethod_add": 0.057601,
    "int_arith": 0.173261,
    "temp_table_alloc": 0.028765,
    "comparisons": 0.529825,
    "dynamic_load": 0.129101,
    "string_concat": 0.08098,
    "float_arith": 0.176906,
    "field_access": 0.05437,
    "lua_calls": 0.093251,
    "hash_access": 0.062543
  },
  "ratios": {
    "global_arith": 6.328426408035364,
    "string_loop": 4.192538615487248,
    "branch_loop": 6.101188305445176,
    "mixed_arith": 5.570726035167328,
    "array_access": 6.6078197967219126,
    "coroutine_yield": 5.324934609939289,
    "metamethod_add": 4.904098887172098,
    "int_arith": 4.853429219501216,
    "temp_table_alloc": 4.664244741873805,
    "comparisons": 7.760186854149955,
    "dynamic_load": 2.0676989333932347,
    "string_concat": 1.585453198320573,
    "float_arith": 3.7380247136897555,
    "field_access": 4.196266323340077,
    "lua_calls": 6.613827197563565,
    "hash_access": 7.687175223446269
  }
}
