{
  "created_utc": "2026-07-23T10:47:39.588509+00:00",
  "host": {
    "platform": "Linux-7.0.11-arch1-1-x86_64-with-glibc2.43",
    "python": "3.14.5"
  },
  "runs": 7,
  "core": "0",
  "zig": {
    "lua_calls": 0.37307,
    "int_arith": 0.472539,
    "global_arith": 1.55974,
    "comparisons": 1.05011,
    "dynamic_load": 0.220454,
    "mixed_arith": 0.596952,
    "hash_access": 0.269741,
    "string_loop": 0.330104,
    "branch_loop": 1.131063,
    "array_access": 0.185696,
    "field_access": 0.23515,
    "coroutine_yield": 0.151892,
    "temp_table_alloc": 0.132113,
    "float_arith": 0.426244,
    "metamethod_add": 0.211481,
    "string_concat": 0.124788
  },
  "puc": {
    "lua_calls": 0.094604,
    "int_arith": 0.177292,
    "global_arith": 0.476306,
    "comparisons": 0.54527,
    "dynamic_load": 0.1334,
    "mixed_arith": 0.181051,
    "hash_access": 0.064742,
    "string_loop": 0.100823,
    "branch_loop": 0.43281,
    "array_access": 0.045026,
    "field_access": 0.05614,
    "coroutine_yield": 0.043524,
    "temp_table_alloc": 0.029725,
    "float_arith": 0.18084,
    "metamethod_add": 0.060006,
    "string_concat": 0.083164
  },
  "ratios": {
    "lua_calls": 3.943490761490001,
    "int_arith": 2.6653148478216724,
    "global_arith": 3.2746595675889028,
    "comparisons": 1.9258532470152403,
    "dynamic_load": 1.6525787106446779,
    "mixed_arith": 3.297148317324953,
    "hash_access": 4.166398937320442,
    "string_loop": 3.2740942046953574,
    "branch_loop": 2.613301448672628,
    "array_access": 4.124194909607782,
    "field_access": 4.188635553972212,
    "coroutine_yield": 3.4898446833930703,
    "temp_table_alloc": 4.4445079899074855,
    "float_arith": 2.357022782570228,
    "metamethod_add": 3.524330900243309,
    "string_concat": 1.5005050262132653
  }
}
