{
  "created_utc": "2026-07-23T14:36:20.145164+00:00",
  "host": {
    "platform": "Linux-7.0.11-arch1-1-x86_64-with-glibc2.43",
    "python": "3.14.5"
  },
  "runs": 7,
  "core": "0",
  "zig": {
    "coroutine_yield": 0.154976,
    "lua_calls": 0.396331,
    "dynamic_load": 0.211397,
    "field_access": 0.219172,
    "mixed_arith": 0.595859,
    "comparisons": 1.007129,
    "branch_loop": 1.131816,
    "string_concat": 0.125052,
    "temp_table_alloc": 0.092263,
    "metamethod_add": 0.233673,
    "array_access": 0.186434,
    "hash_access": 0.272904,
    "float_arith": 0.425444,
    "global_arith": 1.466987,
    "int_arith": 0.47344,
    "string_loop": 0.334713
  },
  "puc": {
    "coroutine_yield": 0.043354,
    "lua_calls": 0.094455,
    "dynamic_load": 0.133158,
    "field_access": 0.056131,
    "mixed_arith": 0.181228,
    "comparisons": 0.544412,
    "branch_loop": 0.431874,
    "string_concat": 0.082922,
    "temp_table_alloc": 0.029562,
    "metamethod_add": 0.059711,
    "array_access": 0.045245,
    "hash_access": 0.064805,
    "float_arith": 0.180648,
    "global_arith": 0.520752,
    "int_arith": 0.177406,
    "string_loop": 0.100661
  },
  "ratios": {
    "coroutine_yield": 3.5746643908289895,
    "lua_calls": 4.195976920226563,
    "dynamic_load": 1.5875651481698434,
    "field_access": 3.9046516185352123,
    "mixed_arith": 3.2878970137064916,
    "comparisons": 1.8499390167740606,
    "branch_loop": 2.6207088178496507,
    "string_concat": 1.5080678227732085,
    "temp_table_alloc": 3.1209999323455784,
    "metamethod_add": 3.913399541123076,
    "array_access": 4.120543706486904,
    "hash_access": 4.211156546562765,
    "float_arith": 2.355099419866259,
    "global_arith": 2.8170549513011953,
    "int_arith": 2.6686808788879746,
    "string_loop": 3.3251507535192375
  }
}
