{
  "created_utc": "2026-07-19T14:28:52.834729+00:00",
  "host": {
    "platform": "Linux-7.0.11-arch1-1-x86_64-with-glibc2.43",
    "python": "3.14.5"
  },
  "runs": 7,
  "core": "0",
  "zig": {
    "global_arith": 1.532311,
    "field_access": 0.232362,
    "coroutine_yield": 0.192762,
    "float_arith": 0.495116,
    "int_arith": 0.505016,
    "string_concat": 0.131407,
    "lua_calls": 0.596144,
    "temp_table_alloc": 0.128737,
    "branch_loop": 1.44863,
    "string_loop": 0.395378,
    "array_access": 0.287685,
    "dynamic_load": 0.230215,
    "mixed_arith": 0.623297,
    "comparisons": 1.550195,
    "hash_access": 0.479586,
    "metamethod_add": 0.266465
  },
  "puc": {
    "global_arith": 0.461321,
    "field_access": 0.05441,
    "coroutine_yield": 0.041136,
    "float_arith": 0.17678,
    "int_arith": 0.17315,
    "string_concat": 0.081175,
    "lua_calls": 0.093189,
    "temp_table_alloc": 0.028869,
    "branch_loop": 0.423698,
    "string_loop": 0.097647,
    "array_access": 0.043806,
    "dynamic_load": 0.129728,
    "mixed_arith": 0.176412,
    "comparisons": 0.529599,
    "hash_access": 0.062591,
    "metamethod_add": 0.057722
  },
  "ratios": {
    "global_arith": 3.321572180759168,
    "field_access": 4.270575261900386,
    "coroutine_yield": 4.685968494749125,
    "float_arith": 2.8007466908021272,
    "int_arith": 2.916638752526711,
    "string_concat": 1.6188112103480135,
    "lua_calls": 6.39714987820451,
    "temp_table_alloc": 4.459350860784925,
    "branch_loop": 3.419015430802128,
    "string_loop": 4.049054246418221,
    "array_access": 6.567251061498426,
    "dynamic_load": 1.7745976196349285,
    "mixed_arith": 3.5331893521982627,
    "comparisons": 2.9271108895598363,
    "hash_access": 7.6622198079596116,
    "metamethod_add": 4.616350784796092
  }
}
