{
  "created_utc": "2026-07-19T11:42:37.489790+00:00",
  "host": {
    "platform": "Linux-7.0.11-arch1-1-x86_64-with-glibc2.43",
    "python": "3.14.5"
  },
  "runs": 7,
  "core": "0",
  "zig": {
    "int_arith": 0.504291,
    "hash_access": 0.48037,
    "temp_table_alloc": 0.131053,
    "coroutine_yield": 0.197014,
    "lua_calls": 0.615156,
    "dynamic_load": 0.231338,
    "mixed_arith": 0.622566,
    "comparisons": 1.553106,
    "array_access": 0.288437,
    "float_arith": 0.492397,
    "branch_loop": 1.452776,
    "global_arith": 1.528887,
    "field_access": 0.226398,
    "metamethod_add": 0.26393,
    "string_loop": 0.384661,
    "string_concat": 0.128628
  },
  "puc": {
    "int_arith": 0.175976,
    "hash_access": 0.064077,
    "temp_table_alloc": 0.029131,
    "coroutine_yield": 0.041503,
    "lua_calls": 0.093932,
    "dynamic_load": 0.132702,
    "mixed_arith": 0.179542,
    "comparisons": 0.541498,
    "array_access": 0.04449,
    "float_arith": 0.179261,
    "branch_loop": 0.429186,
    "global_arith": 0.50153,
    "field_access": 0.055783,
    "metamethod_add": 0.059109,
    "string_loop": 0.098577,
    "string_concat": 0.082424
  },
  "ratios": {
    "int_arith": 2.865680547347366,
    "hash_access": 7.4967617085693785,
    "temp_table_alloc": 4.4987470392365525,
    "coroutine_yield": 4.746982145868974,
    "lua_calls": 6.548950304475579,
    "dynamic_load": 1.7432894756672848,
    "mixed_arith": 3.4675229194283226,
    "comparisons": 2.8681657180635938,
    "array_access": 6.4831872330860865,
    "float_arith": 2.7468160949676728,
    "branch_loop": 3.384956638846561,
    "global_arith": 3.048445755986681,
    "field_access": 4.058548303246509,
    "metamethod_add": 4.465140672317244,
    "string_loop": 3.902137415421447,
    "string_concat": 1.5605648840143647
  }
}
